timestamp,detection_id,class_name,confidence_percent,bbox_x1,bbox_y1,bbox_x2,bbox_y2,center_cam_x,center_cam_y,center_cam_z,map_valid,center_map_x,center_map_y,center_map_z,robot_pos_x,robot_pos_y,robot_pos_z,robot_orient_x,robot_orient_y,robot_orient_z,robot_orient_w,camera_pos_x,camera_pos_y,camera_pos_z,camera_orient_x,camera_orient_y,camera_orient_z,camera_orient_w
2026-06-26T14:59:09.726767,0,Door,71.68,843,60,1213,701,,,,False,,,,0.983154,-2.120231,0.000000,-0.000000,-0.000000,0.422810,0.906218,0.631460,-2.564016,1.344565,0.234038,0.685576,-0.646954,-0.238040
2026-06-26T14:59:09.827839,0,Door,84.77,837,55,1207,698,1.8983,0.1159,4.9380,True,-3.9493,-5.1941,1.0288,0.983154,-2.120231,0.000000,-0.000000,-0.000000,0.422810,0.906218,0.631460,-2.564016,1.344565,0.234038,0.685576,-0.646954,-0.238040
2026-06-26T14:59:09.835571,1,Door,63.62,9,15,516,713,-1.3048,0.0423,3.7230,True,-0.6965,-6.2701,1.0870,0.983154,-2.120231,0.000000,-0.000000,-0.000000,0.422810,0.906218,0.631460,-2.564016,1.344565,0.234038,0.685576,-0.646954,-0.238040
2026-06-26T14:59:09.925328,0,Door,84.42,837,56,1207,698,1.8606,0.1159,4.8400,True,-3.8584,-5.1418,1.0327,0.983154,-2.120231,0.000000,-0.000000,-0.000000,0.422810,0.906218,0.631460,-2.564016,1.344565,0.234038,0.685576,-0.646954,-0.238040
2026-06-26T14:59:10.008312,0,Door,84.13,836,55,1208,698,1.8606,0.1136,4.8400,True,-3.8584,-5.1419,1.0351,0.983154,-2.120231,0.000000,-0.000000,-0.000000,0.422810,0.906218,0.631460,-2.564016,1.344565,0.234038,0.685576,-0.646954,-0.238040
2026-06-26T14:59:10.018959,1,Door,70.75,9,15,516,712,-1.7307,0.0537,4.9380,True,-1.1300,-7.4797,1.0053,0.983154,-2.120231,0.000000,-0.000000,-0.000000,0.422810,0.906218,0.631460,-2.564016,1.344565,0.234038,0.685576,-0.646954,-0.238040
2026-06-26T14:59:10.121212,0,Door,82.91,836,56,1208,698,1.8606,0.1159,4.8400,True,-3.8584,-5.1418,1.0327,0.983154,-2.120231,0.000000,-0.000000,-0.000000,0.422810,0.906218,0.631460,-2.564016,1.344565,0.234038,0.685576,-0.646954,-0.238040
2026-06-26T14:59:10.256480,0,Door,83.30,835,56,1207,698,1.7846,0.1115,4.6540,True,-3.6823,-5.0456,1.0446,0.983154,-2.120231,0.000000,-0.000000,-0.000000,0.422810,0.906218,0.631460,-2.564016,1.344565,0.234038,0.685576,-0.646954,-0.238040
2026-06-26T14:59:10.262967,1,Door,76.12,6,15,517,713,-1.7716,0.0573,5.0410,True,-1.1629,-7.5852,0.9957,0.983154,-2.120231,0.000000,-0.000000,-0.000000,0.422810,0.906218,0.631460,-2.564016,1.344565,0.234038,0.685576,-0.646954,-0.238040
2026-06-26T14:59:10.364494,0,Door,83.98,833,55,1207,699,1.8513,0.1159,4.8400,True,-3.8511,-5.1477,1.0325,0.983154,-2.120231,0.000000,-0.000000,-0.000000,0.422810,0.906218,0.631460,-2.564016,1.344565,0.234038,0.685576,-0.646954,-0.238040
2026-06-26T14:59:10.371226,1,Door,63.23,8,16,518,712,-1.2642,0.0411,3.6120,True,-0.6583,-6.1585,1.0947,0.983154,-2.120231,0.000000,-0.000000,-0.000000,0.422810,0.906218,0.631460,-2.564016,1.344565,0.234038,0.685576,-0.646954,-0.238040
2026-06-26T14:59:10.466824,0,Door,81.10,833,53,1209,700,1.8935,0.1159,4.9380,True,-3.9456,-5.1971,1.0287,0.983154,-2.120231,0.000000,-0.000000,-0.000000,0.422810,0.906218,0.631460,-2.564016,1.344565,0.234038,0.685576,-0.646954,-0.238040
2026-06-26T14:59:10.560136,0,Door,84.28,833,55,1207,699,1.9282,0.1207,5.0410,True,-4.0373,-5.2550,1.0195,0.983154,-2.120231,0.000000,-0.000000,-0.000000,0.422810,0.906218,0.631460,-2.564016,1.344565,0.234038,0.685576,-0.646954,-0.238040
2026-06-26T14:59:10.649728,0,Door,82.28,832,55,1208,700,1.8888,0.1206,4.9380,True,-3.9418,-5.1999,1.0238,0.983154,-2.120231,0.000000,-0.000000,-0.000000,0.422810,0.906218,0.631460,-2.564016,1.344565,0.234038,0.685576,-0.646954,-0.238040
2026-06-26T14:59:10.728132,0,Door,83.15,833,56,1207,700,1.9282,0.1256,5.0410,True,-4.0372,-5.2547,1.0147,0.983154,-2.120231,0.000000,-0.000000,-0.000000,0.422810,0.906218,0.631460,-2.564016,1.344565,0.234038,0.685576,-0.646954,-0.238040
2026-06-26T14:59:10.736611,1,Door,68.95,8,17,517,712,-1.2659,0.0428,3.6120,True,-0.6569,-6.1595,1.0929,0.983154,-2.120231,0.000000,-0.000000,-0.000000,0.422810,0.906218,0.631460,-2.564016,1.344565,0.234038,0.685576,-0.646954,-0.238040
2026-06-26T14:59:10.824622,0,Door,81.40,833,55,1207,698,1.8888,0.1159,4.9380,True,-3.9419,-5.2001,1.0286,0.983154,-2.120231,0.000000,-0.000000,-0.000000,0.422810,0.906218,0.631460,-2.564016,1.344565,0.234038,0.685576,-0.646954,-0.238040
2026-06-26T14:59:10.831801,1,Door,67.58,7,16,518,717,-1.2659,0.0498,3.6120,True,-0.6568,-6.1592,1.0859,0.983154,-2.120231,0.000000,-0.000000,-0.000000,0.422810,0.906218,0.631460,-2.564016,1.344565,0.234038,0.685576,-0.646954,-0.238040
2026-06-26T14:59:10.915319,0,Door,82.57,7,17,519,712,-1.8413,0.0623,5.2610,True,-1.2471,-7.7994,0.9781,0.983154,-2.120231,0.000000,-0.000000,-0.000000,0.422810,0.906218,0.631460,-2.564016,1.344565,0.234038,0.685576,-0.646954,-0.238040
2026-06-26T14:59:10.921415,1,Door,81.64,832,53,1210,698,1.9745,0.1158,5.1490,True,-4.1413,-5.3099,1.0202,0.983154,-2.120231,0.000000,-0.000000,-0.000000,0.422810,0.906218,0.631460,-2.564016,1.344565,0.234038,0.685576,-0.646954,-0.238040
2026-06-26T14:59:11.012019,0,Door,83.01,5,17,519,713,-1.1796,0.0415,3.3610,True,-0.5661,-5.9106,1.1087,0.983154,-2.120231,0.000000,-0.000000,-0.000000,0.422810,0.906218,0.631460,-2.564016,1.344565,0.234038,0.685576,-0.646954,-0.238040
2026-06-26T14:59:11.020115,1,Door,82.03,832,54,1210,700,2.0174,0.1260,5.2610,True,-4.2450,-5.3692,1.0055,0.983154,-2.120231,0.000000,-0.000000,-0.000000,0.422810,0.906218,0.631460,-2.564016,1.344565,0.234038,0.685576,-0.646954,-0.238040
2026-06-26T14:59:11.114408,0,Door,78.32,833,53,1210,698,1.8959,0.1111,4.9380,True,-3.9475,-5.1959,1.0335,0.983154,-2.120231,0.000000,-0.000000,-0.000000,0.422810,0.906218,0.631460,-2.564016,1.344565,0.234038,0.685576,-0.646954,-0.238040
2026-06-26T14:59:11.125227,1,Door,77.98,7,20,520,717,-1.2624,0.0568,3.6120,True,-0.6595,-6.1566,1.0790,0.983154,-2.120231,0.000000,-0.000000,-0.000000,0.422810,0.906218,0.631460,-2.564016,1.344565,0.234038,0.685576,-0.646954,-0.238040
2026-06-26T14:59:11.234050,0,Door,77.98,834,53,1209,698,1.9769,0.1158,5.1490,True,-4.1432,-5.3084,1.0202,0.983154,-2.120231,0.000000,-0.000000,-0.000000,0.422810,0.906218,0.631460,-2.564016,1.344565,0.234038,0.685576,-0.646954,-0.238040
2026-06-26T14:59:11.244072,1,Door,77.73,7,20,519,717,-1.2642,0.0568,3.6120,True,-0.6581,-6.1577,1.0790,0.983154,-2.120231,0.000000,-0.000000,-0.000000,0.422810,0.906218,0.631460,-2.564016,1.344565,0.234038,0.685576,-0.646954,-0.238040
2026-06-26T14:59:11.352917,0,Door,79.64,832,53,1209,700,2.0149,0.1234,5.2610,True,-4.2430,-5.3710,1.0080,0.983154,-2.120231,0.000000,-0.000000,-0.000000,0.422810,0.906218,0.631460,-2.564016,1.344565,0.234038,0.685576,-0.646954,-0.238040
2026-06-26T14:59:11.359711,1,Door,72.27,7,21,520,717,-1.2439,0.0577,3.5590,True,-0.6405,-6.1038,1.0812,0.983154,-2.120231,0.000000,-0.000000,-0.000000,0.422810,0.906218,0.631460,-2.564016,1.344565,0.234038,0.685576,-0.646954,-0.238040
2026-06-26T14:59:11.446811,0,Door,76.71,831,53,1211,698,2.0174,0.1184,5.2610,True,-4.2451,-5.3697,1.0131,0.983154,-2.120231,0.000000,-0.000000,-0.000000,0.422810,0.906218,0.631460,-2.564016,1.344565,0.234038,0.685576,-0.646954,-0.238040
2026-06-26T14:59:11.455696,1,Door,64.79,7,18,519,711,-1.2642,0.0428,3.6120,True,-0.6583,-6.1584,1.0930,0.983154,-2.120231,0.000000,-0.000000,-0.000000,0.422810,0.906218,0.631460,-2.564016,1.344565,0.234038,0.685576,-0.646954,-0.238040
2026-06-26T14:59:11.550267,0,Door,79.10,832,53,1209,699,2.0149,0.1209,5.2610,True,-4.2431,-5.3711,1.0105,0.983154,-2.120231,0.000000,-0.000000,-0.000000,0.422810,0.906218,0.631460,-2.564016,1.344565,0.234038,0.685576,-0.646954,-0.238040
2026-06-26T14:59:11.556808,1,Door,75.44,6,20,520,718,-1.9250,0.0891,5.5000,True,-1.3321,-8.0360,0.9375,0.983154,-2.120231,0.000000,-0.000000,-0.000000,0.422810,0.906218,0.631460,-2.564016,1.344565,0.234038,0.685576,-0.646954,-0.238040
2026-06-26T14:59:11.659527,0,Door,78.81,832,51,1211,699,1.9355,0.1110,5.0410,True,-4.0431,-5.2509,1.0295,0.983154,-2.120231,0.000000,-0.000000,-0.000000,0.422810,0.906218,0.631460,-2.564016,1.344565,0.234038,0.685576,-0.646954,-0.238040
2026-06-26T14:59:11.667564,1,Door,75.78,6,21,520,717,-1.2642,0.0585,3.6120,True,-0.6581,-6.1576,1.0773,0.983154,-2.120231,0.000000,-0.000000,-0.000000,0.422810,0.906218,0.631460,-2.564016,1.344565,0.234038,0.685576,-0.646954,-0.238040
2026-06-26T14:59:11.776296,0,Door,80.18,833,53,1210,700,1.9355,0.1183,5.0410,True,-4.0430,-5.2505,1.0222,0.983154,-2.120231,0.000000,-0.000000,-0.000000,0.422810,0.906218,0.631460,-2.564016,1.344565,0.234038,0.685576,-0.646954,-0.238040
2026-06-26T14:59:11.783219,1,Door,75.34,6,20,520,717,-1.2642,0.0568,3.6120,True,-0.6581,-6.1577,1.0790,0.983154,-2.120231,0.000000,-0.000000,-0.000000,0.422810,0.906218,0.631460,-2.564016,1.344565,0.234038,0.685576,-0.646954,-0.238040
2026-06-26T14:59:11.876583,0,Door,79.74,831,53,1211,698,2.0174,0.1184,5.2610,True,-4.2451,-5.3697,1.0131,0.983154,-2.120231,0.000000,-0.000000,-0.000000,0.422810,0.906218,0.631460,-2.564016,1.344565,0.234038,0.685576,-0.646954,-0.238040
2026-06-26T14:59:11.883420,1,Door,78.86,6,21,520,717,-1.2642,0.0585,3.6120,True,-0.6581,-6.1576,1.0773,0.983154,-2.120231,0.000000,-0.000000,-0.000000,0.422810,0.906218,0.631460,-2.564016,1.344565,0.234038,0.685576,-0.646954,-0.238040
2026-06-26T14:59:11.994491,0,Door,79.10,832,53,1211,700,2.0199,0.1234,5.2610,True,-4.2470,-5.3678,1.0081,0.983154,-2.120231,0.000000,-0.000000,-0.000000,0.422810,0.906218,0.631460,-2.564016,1.344565,0.234038,0.685576,-0.646954,-0.238040
2026-06-26T14:59:12.001496,1,Door,76.86,6,21,520,718,-1.4115,0.0673,4.0330,True,-0.8084,-6.5763,1.0442,0.983154,-2.120231,0.000000,-0.000000,-0.000000,0.422810,0.906218,0.631460,-2.564016,1.344565,0.234038,0.685576,-0.646954,-0.238040
2026-06-26T14:59:12.105537,0,Door,79.83,832,53,1210,698,2.0619,0.1210,5.3770,True,-4.3526,-5.4315,1.0058,0.983154,-2.120231,0.000000,-0.000000,-0.000000,0.422810,0.906218,0.631460,-2.564016,1.344565,0.234038,0.685576,-0.646954,-0.238040
2026-06-26T14:59:12.112926,1,Door,75.59,7,21,521,717,-1.2795,0.0594,3.6660,True,-0.6801,-6.2091,1.0733,0.983154,-2.120231,0.000000,-0.000000,-0.000000,0.422810,0.906218,0.631460,-2.564016,1.344565,0.234038,0.685576,-0.646954,-0.238040
2026-06-26T14:59:12.204031,0,Door,76.46,833,52,1210,700,1.9769,0.1183,5.1490,True,-4.1432,-5.3082,1.0177,0.983154,-2.120231,0.000000,-0.000000,-0.000000,0.422810,0.906218,0.631460,-2.564016,1.344565,0.234038,0.685576,-0.646954,-0.238040
2026-06-26T14:59:12.213224,1,Door,73.39,6,21,520,717,-1.2831,0.0594,3.6660,True,-0.6774,-6.2113,1.0733,0.983154,-2.120231,0.000000,-0.000000,-0.000000,0.422810,0.906218,0.631460,-2.564016,1.344565,0.234038,0.685576,-0.646954,-0.238040
2026-06-26T14:59:12.303203,0,Door,77.44,832,53,1210,700,1.9745,0.1208,5.1490,True,-4.1412,-5.3097,1.0152,0.983154,-2.120231,0.000000,-0.000000,-0.000000,0.422810,0.906218,0.631460,-2.564016,1.344565,0.234038,0.685576,-0.646954,-0.238040
2026-06-26T14:59:12.310395,1,Door,75.44,7,22,520,717,-1.2624,0.0603,3.6120,True,-0.6594,-6.1564,1.0756,0.983154,-2.120231,0.000000,-0.000000,-0.000000,0.422810,0.906218,0.631460,-2.564016,1.344565,0.234038,0.685576,-0.646954,-0.238040
2026-06-26T14:59:12.398256,0,Door,79.10,6,20,520,718,-1.2642,0.0585,3.6120,True,-0.6581,-6.1576,1.0773,0.983154,-2.120231,0.000000,-0.000000,-0.000000,0.422810,0.906218,0.631460,-2.564016,1.344565,0.234038,0.685576,-0.646954,-0.238040
2026-06-26T14:59:12.404873,1,Door,79.00,832,52,1210,700,1.9330,0.1158,5.0410,True,-4.0411,-5.2522,1.0245,0.983154,-2.120231,0.000000,-0.000000,-0.000000,0.422810,0.906218,0.631460,-2.564016,1.344565,0.234038,0.685576,-0.646954,-0.238040
2026-06-26T14:59:12.491314,0,Door,78.86,832,52,1212,700,1.9379,0.1158,5.0410,True,-4.0449,-5.2491,1.0246,0.983154,-2.120231,0.000000,-0.000000,-0.000000,0.422810,0.906218,0.631460,-2.564016,1.344565,0.234038,0.685576,-0.646954,-0.238040
2026-06-26T14:59:12.500580,1,Door,76.71,7,23,519,717,-1.2274,0.0602,3.5070,True,-0.6205,-6.0529,1.0816,0.983154,-2.120231,0.000000,-0.000000,-0.000000,0.422810,0.906218,0.631460,-2.564016,1.344565,0.234038,0.685576,-0.646954,-0.238040
2026-06-26T14:59:12.589324,0,Door,79.59,6,21,519,717,-1.2473,0.0577,3.5590,True,-0.6378,-6.1059,1.0811,0.983154,-2.120231,0.000000,-0.000000,-0.000000,0.422810,0.906218,0.631460,-2.564016,1.344565,0.234038,0.685576,-0.646954,-0.238040
2026-06-26T14:59:12.594809,1,Door,78.08,832,52,1210,698,1.8935,0.1087,4.9380,True,-3.9457,-5.1975,1.0358,0.983154,-2.120231,0.000000,-0.000000,-0.000000,0.422810,0.906218,0.631460,-2.564016,1.344565,0.234038,0.685576,-0.646954,-0.238040
2026-06-26T14:59:12.679447,0,Door,78.61,6,21,520,717,-1.2456,0.0577,3.5590,True,-0.6392,-6.1049,1.0812,0.983154,-2.120231,0.000000,-0.000000,-0.000000,0.422810,0.906218,0.631460,-2.564016,1.344565,0.234038,0.685576,-0.646954,-0.238040
2026-06-26T14:59:12.686508,1,Door,78.12,832,52,1211,699,2.0199,0.1184,5.2610,True,-4.2471,-5.3681,1.0132,0.983154,-2.120231,0.000000,-0.000000,-0.000000,0.422810,0.906218,0.631460,-2.564016,1.344565,0.234038,0.685576,-0.646954,-0.238040
2026-06-26T14:59:12.772555,0,Door,80.66,7,22,520,717,-1.1586,0.0553,3.3150,True,-0.5533,-5.8610,1.0977,0.983154,-2.120231,0.000000,-0.000000,-0.000000,0.422810,0.906218,0.631460,-2.564016,1.344565,0.234038,0.685576,-0.646954,-0.238040
2026-06-26T14:59:12.778438,1,Door,77.20,832,51,1212,699,2.0225,0.1158,5.2610,True,-4.2491,-5.3666,1.0158,0.983154,-2.120231,0.000000,-0.000000,-0.000000,0.422810,0.906218,0.631460,-2.564016,1.344565,0.234038,0.685576,-0.646954,-0.238040
2026-06-26T14:59:12.880781,0,Door,79.83,832,50,1211,700,2.0199,0.1158,5.2610,True,-4.2471,-5.3682,1.0157,0.983154,-2.120231,0.000000,-0.000000,-0.000000,0.422810,0.906218,0.631460,-2.564016,1.344565,0.234038,0.685576,-0.646954,-0.238040
2026-06-26T14:59:12.888010,1,Door,77.05,6,21,520,717,-1.2456,0.0577,3.5590,True,-0.6392,-6.1049,1.0812,0.983154,-2.120231,0.000000,-0.000000,-0.000000,0.422810,0.906218,0.631460,-2.564016,1.344565,0.234038,0.685576,-0.646954,-0.238040
2026-06-26T14:59:12.999848,0,Door,78.08,6,22,519,717,-1.2848,0.0612,3.6660,True,-0.6760,-6.2123,1.0714,0.983154,-2.120231,0.000000,-0.000000,-0.000000,0.422810,0.906218,0.631460,-2.564016,1.344565,0.234038,0.685576,-0.646954,-0.238040
2026-06-26T14:59:13.004845,1,Door,74.07,832,51,1213,698,1.9007,0.1063,4.9380,True,-3.9513,-5.1931,1.0384,0.983154,-2.120231,0.000000,-0.000000,-0.000000,0.422810,0.906218,0.631460,-2.564016,1.344565,0.234038,0.685576,-0.646954,-0.238040
2026-06-26T14:59:13.103506,0,Door,76.90,7,22,519,717,-1.1144,0.0531,3.1840,True,-0.5053,-5.7317,1.1074,0.983154,-2.120231,0.000000,-0.000000,-0.000000,0.422810,0.906218,0.631460,-2.564016,1.344565,0.234038,0.685576,-0.646954,-0.238040
2026-06-26T14:59:13.123430,1,Door,74.02,833,52,1211,699,1.9794,0.1158,5.1490,True,-4.1451,-5.3068,1.0203,0.983154,-2.120231,0.000000,-0.000000,-0.000000,0.422810,0.906218,0.631460,-2.564016,1.344565,0.234038,0.685576,-0.646954,-0.238040
2026-06-26T14:59:13.250336,0,Door,76.56,833,53,1209,699,2.0174,0.1209,5.2610,True,-4.2450,-5.3695,1.0106,0.983154,-2.120231,0.000000,-0.000000,-0.000000,0.422810,0.906218,0.631460,-2.564016,1.344565,0.234038,0.685576,-0.646954,-0.238040
2026-06-26T14:59:13.258460,1,Door,71.39,7,22,520,717,-1.1586,0.0553,3.3150,True,-0.5533,-5.8610,1.0977,0.983154,-2.120231,0.000000,-0.000000,-0.000000,0.422810,0.906218,0.631460,-2.564016,1.344565,0.234038,0.685576,-0.646954,-0.238040
2026-06-26T14:59:13.345786,0,Door,73.58,834,54,1209,700,1.9769,0.1233,5.1490,True,-4.1431,-5.3080,1.0128,0.983154,-2.120231,0.000000,-0.000000,-0.000000,0.422810,0.906218,0.631460,-2.564016,1.344565,0.234038,0.685576,-0.646954,-0.238040
2026-06-26T14:59:13.352772,1,Door,68.02,7,21,518,716,-1.1780,0.0528,3.3610,True,-0.5672,-5.9090,1.0974,0.983154,-2.120231,0.000000,-0.000000,-0.000000,0.422810,0.906218,0.631460,-2.564016,1.344565,0.234038,0.685576,-0.646954,-0.238040
2026-06-26T14:59:13.503606,0,Door,76.37,7,21,519,716,-1.2456,0.0560,3.5590,True,-0.6392,-6.1049,1.0829,0.983154,-2.120231,0.000000,-0.000000,-0.000000,0.422810,0.906218,0.631460,-2.564016,1.344565,0.234038,0.685576,-0.646954,-0.238040
2026-06-26T14:59:13.509744,1,Door,74.41,833,55,1209,700,1.9745,0.1258,5.1490,True,-4.1411,-5.3094,1.0102,0.983154,-2.120231,0.000000,-0.000000,-0.000000,0.422810,0.906218,0.631460,-2.564016,1.344565,0.234038,0.685576,-0.646954,-0.238040
2026-06-26T14:59:13.631167,0,Door,72.56,835,55,1210,699,1.9404,0.1207,5.0410,True,-4.0467,-5.2473,1.0198,0.983154,-2.120231,0.000000,-0.000000,-0.000000,0.422810,0.906218,0.631460,-2.564016,1.344565,0.234038,0.685576,-0.646954,-0.238040
2026-06-26T14:59:13.640109,1,Door,72.27,7,20,519,716,-1.2274,0.0534,3.5070,True,-0.6206,-6.0533,1.0884,0.983154,-2.120231,0.000000,-0.000000,-0.000000,0.422810,0.906218,0.631460,-2.564016,1.344565,0.234038,0.685576,-0.646954,-0.238040
2026-06-26T14:59:13.730891,0,Door,75.20,833,53,1211,700,1.8606,0.1136,4.8400,True,-3.8584,-5.1419,1.0351,0.983154,-2.120231,0.000000,-0.000000,-0.000000,0.422810,0.906218,0.631460,-2.564016,1.344565,0.234038,0.685576,-0.646954,-0.238040
2026-06-26T14:59:13.740507,1,Door,69.34,7,21,519,717,-1.1602,0.0537,3.3150,True,-0.5520,-5.8621,1.0992,0.983154,-2.120231,0.000000,-0.000000,-0.000000,0.422810,0.906218,0.631460,-2.564016,1.344565,0.234038,0.685576,-0.646954,-0.238040
2026-06-26T14:59:13.857973,0,Door,75.63,834,54,1210,700,1.8983,0.1183,4.9380,True,-3.9493,-5.1940,1.0264,0.983154,-2.120231,0.000000,-0.000000,-0.000000,0.422810,0.906218,0.631460,-2.564016,1.344565,0.234038,0.685576,-0.646954,-0.238040
2026-06-26T14:59:13.994092,0,Door,75.83,833,54,1210,700,2.0199,0.1260,5.2610,True,-4.2470,-5.3676,1.0055,0.983154,-2.120231,0.000000,-0.000000,-0.000000,0.422810,0.906218,0.631460,-2.564016,1.344565,0.234038,0.685576,-0.646954,-0.238040
2026-06-26T14:59:14.001455,1,Door,71.68,8,20,518,716,-1.1445,0.0498,3.2700,True,-0.5360,-5.8175,1.1057,0.983154,-2.120231,0.000000,-0.000000,-0.000000,0.422810,0.906218,0.631460,-2.564016,1.344565,0.234038,0.685576,-0.646954,-0.238040
2026-06-26T14:59:14.078526,0,Door,75.15,833,53,1212,700,1.9819,0.1208,5.1490,True,-4.1470,-5.3050,1.0154,0.983154,-2.120231,0.000000,-0.000000,-0.000000,0.422810,0.906218,0.631460,-2.564016,1.344565,0.234038,0.685576,-0.646954,-0.238040
2026-06-26T14:59:14.089013,1,Door,65.77,7,20,519,717,-1.2274,0.0551,3.5070,True,-0.6206,-6.0532,1.0867,0.983154,-2.120231,0.000000,-0.000000,-0.000000,0.422810,0.906218,0.631460,-2.564016,1.344565,0.234038,0.685576,-0.646954,-0.238040
2026-06-26T14:59:14.187659,0,Door,76.56,833,53,1211,699,2.0225,0.1209,5.2610,True,-4.2490,-5.3663,1.0107,0.983154,-2.120231,0.000000,-0.000000,-0.000000,0.422810,0.906218,0.631460,-2.564016,1.344565,0.234038,0.685576,-0.646954,-0.238040
2026-06-26T14:59:14.198094,1,Door,74.71,8,21,520,717,-1.1895,0.0552,3.4080,True,-0.5878,-5.9526,1.0924,0.983154,-2.120231,0.000000,-0.000000,-0.000000,0.422810,0.906218,0.631460,-2.564016,1.344565,0.234038,0.685576,-0.646954,-0.238040
2026-06-26T14:59:14.286584,0,Door,76.71,833,54,1210,700,1.8583,0.1159,4.8400,True,-3.8566,-5.1433,1.0327,0.983154,-2.120231,0.000000,-0.000000,-0.000000,0.422810,0.906218,0.631460,-2.564016,1.344565,0.234038,0.685576,-0.646954,-0.238040
2026-06-26T14:59:14.293253,1,Door,74.17,7,20,519,717,-1.2642,0.0568,3.6120,True,-0.6581,-6.1577,1.0790,0.983154,-2.120231,0.000000,-0.000000,-0.000000,0.422810,0.906218,0.631460,-2.564016,1.344565,0.234038,0.685576,-0.646954,-0.238040
2026-06-26T14:59:14.407210,0,Door,75.05,833,54,1210,700,1.9355,0.1207,5.0410,True,-4.0430,-5.2504,1.0197,0.983154,-2.120231,0.000000,-0.000000,-0.000000,0.422810,0.906218,0.631460,-2.564016,1.344565,0.234038,0.685576,-0.646954,-0.238040
2026-06-26T14:59:14.413963,1,Door,65.67,9,21,520,716,-1.1397,0.0514,3.2700,True,-0.5397,-5.8144,1.1043,0.983154,-2.120231,0.000000,-0.000000,-0.000000,0.422810,0.906218,0.631460,-2.564016,1.344565,0.234038,0.685576,-0.646954,-0.238040
2026-06-26T14:59:14.502666,0,Door,73.78,833,51,1211,700,1.9794,0.1158,5.1490,True,-4.1451,-5.3068,1.0203,0.983154,-2.120231,0.000000,-0.000000,-0.000000,0.422810,0.906218,0.631460,-2.564016,1.344565,0.234038,0.685576,-0.646954,-0.238040
2026-06-26T14:59:14.510129,1,Door,64.79,8,21,519,717,-1.2439,0.0577,3.5590,True,-0.6405,-6.1038,1.0812,0.983154,-2.120231,0.000000,-0.000000,-0.000000,0.422810,0.906218,0.631460,-2.564016,1.344565,0.234038,0.685576,-0.646954,-0.238040
2026-06-26T14:59:14.618963,0,Door,74.76,834,55,1210,699,2.0225,0.1260,5.2610,True,-4.2489,-5.3660,1.0056,0.983154,-2.120231,0.000000,-0.000000,-0.000000,0.422810,0.906218,0.631460,-2.564016,1.344565,0.234038,0.685576,-0.646954,-0.238040
2026-06-26T14:59:14.629533,1,Door,68.36,7,19,520,716,-1.2257,0.0517,3.5070,True,-0.6220,-6.0523,1.0902,0.983154,-2.120231,0.000000,-0.000000,-0.000000,0.422810,0.906218,0.631460,-2.564016,1.344565,0.234038,0.685576,-0.646954,-0.238040
2026-06-26T14:59:14.734397,0,Door,73.88,7,20,520,717,-1.1747,0.0528,3.3610,True,-0.5697,-5.9069,1.0975,0.983154,-2.120231,0.000000,-0.000000,-0.000000,0.422810,0.906218,0.631460,-2.564016,1.344565,0.234038,0.685576,-0.646954,-0.238040
2026-06-26T14:59:14.740295,1,Door,72.66,833,51,1211,699,1.8983,0.1087,4.9380,True,-3.9494,-5.1945,1.0360,0.983154,-2.120231,0.000000,-0.000000,-0.000000,0.422810,0.906218,0.631460,-2.564016,1.344565,0.234038,0.685576,-0.646954,-0.238040
2026-06-26T14:59:14.841299,0,Door,77.93,833,55,1209,699,1.8935,0.1183,4.9380,True,-3.9456,-5.1970,1.0263,0.983154,-2.120231,0.000000,-0.000000,-0.000000,0.422810,0.906218,0.631460,-2.564016,1.344565,0.234038,0.685576,-0.646954,-0.238040
2026-06-26T14:59:14.848037,1,Door,73.58,6,21,520,717,-1.2831,0.0594,3.6660,True,-0.6774,-6.2113,1.0733,0.983154,-2.120231,0.000000,-0.000000,-0.000000,0.422810,0.906218,0.631460,-2.564016,1.344565,0.234038,0.685576,-0.646954,-0.238040
2026-06-26T14:59:14.970905,0,Door,74.61,833,53,1210,700,1.9769,0.1208,5.1490,True,-4.1431,-5.3081,1.0152,0.983154,-2.120231,0.000000,-0.000000,-0.000000,0.422810,0.906218,0.631460,-2.564016,1.344565,0.234038,0.685576,-0.646954,-0.238040
2026-06-26T14:59:14.978157,1,Door,70.56,7,21,519,716,-1.1445,0.0514,3.2700,True,-0.5360,-5.8174,1.1041,0.983154,-2.120231,0.000000,-0.000000,-0.000000,0.422810,0.906218,0.631460,-2.564016,1.344565,0.234038,0.685576,-0.646954,-0.238040
2026-06-26T14:59:15.075787,0,Door,76.86,7,20,519,717,-1.1445,0.0514,3.2700,True,-0.5360,-5.8174,1.1041,0.983154,-2.120231,0.000000,-0.000000,-0.000000,0.422810,0.906218,0.631460,-2.564016,1.344565,0.234038,0.685576,-0.646954,-0.238040
2026-06-26T14:59:15.083362,1,Door,75.68,835,55,1209,700,1.9794,0.1258,5.1490,True,-4.1450,-5.3063,1.0103,0.983154,-2.120231,0.000000,-0.000000,-0.000000,0.422810,0.906218,0.631460,-2.564016,1.344565,0.234038,0.685576,-0.646954,-0.238040
2026-06-26T14:59:15.172547,0,Door,75.98,834,53,1211,700,2.0697,0.1262,5.3770,True,-4.3586,-5.4263,1.0008,0.983154,-2.120231,0.000000,-0.000000,-0.000000,0.422810,0.906218,0.631460,-2.564016,1.344565,0.234038,0.685576,-0.646954,-0.238040
2026-06-26T14:59:15.179843,1,Door,62.45,8,21,520,717,-1.2422,0.0577,3.5590,True,-0.6418,-6.1027,1.0813,0.983154,-2.120231,0.000000,-0.000000,-0.000000,0.422810,0.906218,0.631460,-2.564016,1.344565,0.234038,0.685576,-0.646954,-0.238040
2026-06-26T14:59:15.275896,0,Door,75.49,833,54,1211,699,1.9794,0.1208,5.1490,True,-4.1451,-5.3065,1.0153,0.983154,-2.120231,0.000000,-0.000000,-0.000000,0.422810,0.906218,0.631460,-2.564016,1.344565,0.234038,0.685576,-0.646954,-0.238040
2026-06-26T14:59:15.282106,1,Door,69.19,6,21,520,716,-1.1144,0.0501,3.1840,True,-0.5053,-5.7319,1.1105,0.983154,-2.120231,0.000000,-0.000000,-0.000000,0.422810,0.906218,0.631460,-2.564016,1.344565,0.234038,0.685576,-0.646954,-0.238040
2026-06-26T14:59:15.376647,0,Door,75.44,833,55,1210,699,2.0199,0.1260,5.2610,True,-4.2470,-5.3676,1.0055,0.983154,-2.120231,0.000000,-0.000000,-0.000000,0.422810,0.906218,0.631460,-2.564016,1.344565,0.234038,0.685576,-0.646954,-0.238040
2026-06-26T14:59:15.383167,1,Door,62.70,8,21,520,717,-1.2607,0.0585,3.6120,True,-0.6608,-6.1554,1.0773,0.983154,-2.120231,0.000000,-0.000000,-0.000000,0.422810,0.906218,0.631460,-2.564016,1.344565,0.234038,0.685576,-0.646954,-0.238040
2026-06-26T14:59:15.474051,0,Door,76.56,835,56,1208,700,1.9355,0.1256,5.0410,True,-4.0429,-5.2501,1.0148,0.983154,-2.120231,0.000000,-0.000000,-0.000000,0.422810,0.906218,0.631460,-2.564016,1.344565,0.234038,0.685576,-0.646954,-0.238040
2026-06-26T14:59:15.480072,1,Door,70.51,7,20,519,717,-1.6289,0.0732,4.6540,True,-1.0301,-7.1944,1.0024,0.983154,-2.120231,0.000000,-0.000000,-0.000000,0.422810,0.906218,0.631460,-2.564016,1.344565,0.234038,0.685576,-0.646954,-0.238040
2026-06-26T14:59:15.575160,0,Door,75.34,834,55,1210,700,1.8983,0.1206,4.9380,True,-3.9493,-5.1939,1.0240,0.983154,-2.120231,0.000000,-0.000000,-0.000000,0.422810,0.906218,0.631460,-2.564016,1.344565,0.234038,0.685576,-0.646954,-0.238040
2026-06-26T14:59:15.581423,1,Door,73.34,7,21,519,717,-1.2456,0.0577,3.5590,True,-0.6392,-6.1049,1.0812,0.983154,-2.120231,0.000000,-0.000000,-0.000000,0.422810,0.906218,0.631460,-2.564016,1.344565,0.234038,0.685576,-0.646954,-0.238040
2026-06-26T14:59:15.676950,0,Door,76.95,834,54,1209,700,2.0645,0.1288,5.3770,True,-4.3545,-5.4295,0.9981,0.983154,-2.120231,0.000000,-0.000000,-0.000000,0.422810,0.906218,0.631460,-2.564016,1.344565,0.234038,0.685576,-0.646954,-0.238040
2026-06-26T14:59:15.691726,1,Door,71.04,7,21,519,717,-1.2642,0.0585,3.6120,True,-0.6581,-6.1576,1.0773,0.983154,-2.120231,0.000000,-0.000000,-0.000000,0.422810,0.906218,0.631460,-2.564016,1.344565,0.234038,0.685576,-0.646954,-0.238040
2026-06-26T14:59:15.799824,0,Door,75.29,834,54,1210,700,2.0225,0.1260,5.2610,True,-4.2489,-5.3660,1.0056,0.983154,-2.120231,0.000000,-0.000000,-0.000000,0.422810,0.906218,0.631460,-2.564016,1.344565,0.234038,0.685576,-0.646954,-0.238040
2026-06-26T14:59:15.808443,1,Door,64.89,8,22,519,717,-1.2813,0.0612,3.6660,True,-0.6787,-6.2101,1.0715,0.983154,-2.120231,0.000000,-0.000000,-0.000000,0.422810,0.906218,0.631460,-2.564016,1.344565,0.234038,0.685576,-0.646954,-0.238040
2026-06-26T14:59:15.891201,0,Door,73.24,832,51,1210,700,1.8935,0.1111,4.9380,True,-3.9457,-5.1974,1.0335,0.983154,-2.120231,0.000000,-0.000000,-0.000000,0.422810,0.906218,0.631460,-2.564016,1.344565,0.234038,0.685576,-0.646954,-0.238040
2026-06-26T14:59:15.897992,1,Door,68.41,7,22,519,717,-1.2456,0.0594,3.5590,True,-0.6391,-6.1048,1.0795,0.983154,-2.120231,0.000000,-0.000000,-0.000000,0.422810,0.906218,0.631460,-2.564016,1.344565,0.234038,0.685576,-0.646954,-0.238040
2026-06-26T14:59:15.982678,0,Door,74.71,833,56,1209,699,2.0174,0.1285,5.2610,True,-4.2449,-5.3691,1.0029,0.983154,-2.120231,0.000000,-0.000000,-0.000000,0.422810,0.906218,0.631460,-2.564016,1.344565,0.234038,0.685576,-0.646954,-0.238040
2026-06-26T14:59:15.990586,1,Door,71.04,7,21,519,717,-1.2642,0.0585,3.6120,True,-0.6581,-6.1576,1.0773,0.983154,-2.120231,0.000000,-0.000000,-0.000000,0.422810,0.906218,0.631460,-2.564016,1.344565,0.234038,0.685576,-0.646954,-0.238040
2026-06-26T14:59:16.082680,0,Door,76.61,833,53,1211,699,1.8983,0.1135,4.9380,True,-3.9494,-5.1943,1.0312,0.983154,-2.120231,0.000000,-0.000000,-0.000000,0.422810,0.906218,0.631460,-2.564016,1.344565,0.234038,0.685576,-0.646954,-0.238040
2026-06-26T14:59:16.089884,1,Door,73.88,6,20,519,717,-1.2659,0.0568,3.6120,True,-0.6567,-6.1588,1.0790,0.983154,-2.120231,0.000000,-0.000000,-0.000000,0.422810,0.906218,0.631460,-2.564016,1.344565,0.234038,0.685576,-0.646954,-0.238040
2026-06-26T14:59:16.190158,0,Door,74.76,833,54,1210,700,1.9769,0.1233,5.1490,True,-4.1431,-5.3080,1.0128,0.983154,-2.120231,0.000000,-0.000000,-0.000000,0.422810,0.906218,0.631460,-2.564016,1.344565,0.234038,0.685576,-0.646954,-0.238040
2026-06-26T14:59:16.196886,1,Door,68.70,7,20,519,717,-1.2642,0.0568,3.6120,True,-0.6581,-6.1577,1.0790,0.983154,-2.120231,0.000000,-0.000000,-0.000000,0.422810,0.906218,0.631460,-2.564016,1.344565,0.234038,0.685576,-0.646954,-0.238040
2026-06-26T14:59:16.281955,0,Door,70.17,834,52,1211,700,1.9404,0.1158,5.0410,True,-4.0468,-5.2476,1.0247,0.983154,-2.120231,0.000000,-0.000000,-0.000000,0.422810,0.906218,0.631460,-2.564016,1.344565,0.234038,0.685576,-0.646954,-0.238040
2026-06-26T14:59:16.288595,1,Door,64.94,7,21,519,717,-1.2642,0.0585,3.6120,True,-0.6581,-6.1576,1.0773,0.983154,-2.120231,0.000000,-0.000000,-0.000000,0.422810,0.906218,0.631460,-2.564016,1.344565,0.234038,0.685576,-0.646954,-0.238040
2026-06-26T14:59:16.376091,0,Door,74.85,834,55,1209,700,1.9355,0.1232,5.0410,True,-4.0429,-5.2503,1.0173,0.983154,-2.120231,0.000000,-0.000000,-0.000000,0.422810,0.906218,0.631460,-2.564016,1.344565,0.234038,0.685576,-0.646954,-0.238040
2026-06-26T14:59:16.383450,1,Door,73.58,7,20,519,717,-1.2831,0.0576,3.6660,True,-0.6774,-6.2114,1.0750,0.983154,-2.120231,0.000000,-0.000000,-0.000000,0.422810,0.906218,0.631460,-2.564016,1.344565,0.234038,0.685576,-0.646954,-0.238040
2026-06-26T14:59:16.565693,0,Door,75.29,833,54,1211,700,1.9794,0.1233,5.1490,True,-4.1450,-5.3064,1.0128,0.983154,-2.120231,0.000000,-0.000000,-0.000000,0.422810,0.906218,0.631460,-2.564016,1.344565,0.234038,0.685576,-0.646954,-0.238040
2026-06-26T14:59:16.573517,1,Door,62.50,7,21,520,717,-1.2624,0.0585,3.6120,True,-0.6594,-6.1565,1.0773,0.983154,-2.120231,0.000000,-0.000000,-0.000000,0.422810,0.906218,0.631460,-2.564016,1.344565,0.234038,0.685576,-0.646954,-0.238040
2026-06-26T14:59:16.669701,0,Door,76.37,833,55,1209,699,2.0174,0.1260,5.2610,True,-4.2450,-5.3692,1.0055,0.983154,-2.120231,0.000000,-0.000000,-0.000000,0.422810,0.906218,0.631460,-2.564016,1.344565,0.234038,0.685576,-0.646954,-0.238040
2026-06-26T14:59:16.676455,1,Door,66.02,8,21,519,717,-1.1747,0.0545,3.3610,True,-0.5697,-5.9068,1.0959,0.983154,-2.120231,0.000000,-0.000000,-0.000000,0.422810,0.906218,0.631460,-2.564016,1.344565,0.234038,0.685576,-0.646954,-0.238040
2026-06-26T14:59:16.784468,0,Door,76.12,833,55,1209,700,1.9330,0.1232,5.0410,True,-4.0410,-5.2518,1.0172,0.983154,-2.120231,0.000000,-0.000000,-0.000000,0.422810,0.906218,0.631460,-2.564016,1.344565,0.234038,0.685576,-0.646954,-0.238040
2026-06-26T14:59:16.792240,1,Door,73.58,7,20,519,717,-1.2456,0.0560,3.5590,True,-0.6392,-6.1049,1.0829,0.983154,-2.120231,0.000000,-0.000000,-0.000000,0.422810,0.906218,0.631460,-2.564016,1.344565,0.234038,0.685576,-0.646954,-0.238040
2026-06-26T14:59:16.875409,0,Door,75.15,832,53,1210,700,1.9330,0.1183,5.0410,True,-4.0391,-5.2527,1.0220,0.984591,-2.119763,0.000000,-0.000000,-0.000000,0.422910,0.906172,0.632908,-2.563651,1.344544,0.233964,0.685609,-0.646971,-0.237971
2026-06-26T14:59:16.882617,1,Door,74.32,7,20,519,717,-1.2642,0.0568,3.6120,True,-0.6559,-6.1576,1.0789,0.984591,-2.119763,0.000000,-0.000000,-0.000000,0.422910,0.906172,0.632908,-2.563651,1.344544,0.233964,0.685609,-0.646971,-0.237971
2026-06-26T14:59:16.965689,0,Door,73.78,833,54,1210,700,2.0199,0.1260,5.2610,True,-4.2449,-5.3683,1.0054,0.984591,-2.119763,0.000000,-0.000000,-0.000000,0.422910,0.906172,0.632908,-2.563651,1.344544,0.233964,0.685609,-0.646971,-0.237971
2026-06-26T14:59:16.974113,1,Door,69.43,7,20,519,717,-1.2456,0.0560,3.5590,True,-0.6370,-6.1048,1.0828,0.984591,-2.119763,0.000000,-0.000000,-0.000000,0.422910,0.906172,0.632908,-2.563651,1.344544,0.233964,0.685609,-0.646971,-0.237971
2026-06-26T14:59:17.071817,0,Door,74.17,833,54,1211,700,1.9794,0.1233,5.1490,True,-4.1428,-5.3071,1.0127,0.984591,-2.119763,0.000000,-0.000000,-0.000000,0.422910,0.906172,0.633002,-2.563634,1.344544,0.233957,0.685611,-0.646973,-0.237964
2026-06-26T14:59:17.078579,1,Door,69.29,7,20,519,717,-1.2642,0.0568,3.6120,True,-0.6557,-6.1576,1.0789,0.984591,-2.119763,0.000000,-0.000000,-0.000000,0.422910,0.906172,0.633002,-2.563634,1.344544,0.233957,0.685611,-0.646973,-0.237964
2026-06-26T14:59:17.191293,0,Door,73.78,833,51,1211,700,1.9794,0.1158,5.1490,True,-4.1429,-5.3075,1.0202,0.984591,-2.119763,0.000000,-0.000000,-0.000000,0.422910,0.906172,0.633002,-2.563634,1.344544,0.233957,0.685611,-0.646973,-0.237964
2026-06-26T14:59:17.197811,1,Door,69.43,8,21,519,716,-1.2439,0.0560,3.5590,True,-0.6381,-6.1038,1.0828,0.984591,-2.119763,0.000000,-0.000000,-0.000000,0.422910,0.906172,0.633002,-2.563634,1.344544,0.233957,0.685611,-0.646973,-0.237964
2026-06-26T14:59:17.281471,0,Door,76.42,832,55,1209,699,2.0149,0.1260,5.2610,True,-4.2408,-5.3716,1.0053,0.984591,-2.119763,0.000000,-0.000000,-0.000000,0.422910,0.906172,0.633006,-2.563632,1.344544,0.233957,0.685611,-0.646973,-0.237964
2026-06-26T14:59:17.288594,1,Door,73.19,8,21,520,717,-1.2795,0.0594,3.6660,True,-0.6777,-6.2090,1.0732,0.984591,-2.119763,0.000000,-0.000000,-0.000000,0.422910,0.906172,0.633006,-2.563632,1.344544,0.233957,0.685611,-0.646973,-0.237964
2026-06-26T14:59:17.371123,0,Door,75.34,834,53,1209,699,1.8959,0.1135,4.9380,True,-3.9453,-5.1964,1.0310,0.984591,-2.119763,0.000000,-0.000000,-0.000000,0.422910,0.906172,0.633006,-2.563632,1.344544,0.233957,0.685611,-0.646973,-0.237964
2026-06-26T14:59:17.377677,1,Door,64.94,7,21,519,717,-1.2456,0.0577,3.5590,True,-0.6368,-6.1048,1.0811,0.984591,-2.119763,0.000000,-0.000000,-0.000000,0.422910,0.906172,0.633006,-2.563632,1.344544,0.233957,0.685611,-0.646973,-0.237964
2026-06-26T14:59:17.458592,0,Door,73.63,833,53,1211,700,1.8606,0.1136,4.8400,True,-3.8562,-5.1426,1.0350,0.984591,-2.119763,0.000000,-0.000000,-0.000000,0.422910,0.906172,0.633006,-2.563632,1.344544,0.233957,0.685611,-0.646973,-0.237964
2026-06-26T14:59:17.465426,1,Door,70.41,7,20,519,717,-1.2456,0.0560,3.5590,True,-0.6368,-6.1048,1.0828,0.984591,-2.119763,0.000000,-0.000000,-0.000000,0.422910,0.906172,0.633006,-2.563632,1.344544,0.233957,0.685611,-0.646973,-0.237964
2026-06-26T14:59:17.559501,0,Door,76.71,833,54,1211,699,1.8983,0.1159,4.9380,True,-3.9471,-5.1948,1.0287,0.984591,-2.119763,0.000000,-0.000000,-0.000000,0.422910,0.906172,0.633006,-2.563632,1.344544,0.233957,0.685611,-0.646973,-0.237964
2026-06-26T14:59:17.566531,1,Door,69.53,8,21,520,717,-1.2422,0.0577,3.5590,True,-0.6394,-6.1026,1.0811,0.984591,-2.119763,0.000000,-0.000000,-0.000000,0.422910,0.906172,0.633006,-2.563632,1.344544,0.233957,0.685611,-0.646973,-0.237964
2026-06-26T14:59:17.679229,0,Door,75.98,833,53,1211,699,1.9379,0.1158,5.0410,True,-4.0427,-5.2498,1.0245,0.984614,-2.119756,0.000000,-0.000000,-0.000000,0.422912,0.906171,0.633028,-2.563623,1.344544,0.233955,0.685613,-0.646972,-0.237966
2026-06-26T14:59:17.828877,0,Door,74.32,833,55,1209,701,1.9745,0.1283,5.1490,True,-4.1389,-5.3100,1.0076,0.984614,-2.119756,0.000000,-0.000000,-0.000000,0.422912,0.906171,0.633028,-2.563623,1.344544,0.233955,0.685613,-0.646972,-0.237966
2026-06-26T14:59:17.838498,1,Door,66.36,7,22,519,717,-1.2642,0.0603,3.6120,True,-0.6556,-6.1574,1.0754,0.984614,-2.119756,0.000000,-0.000000,-0.000000,0.422912,0.906171,0.633028,-2.563623,1.344544,0.233955,0.685613,-0.646972,-0.237966
2026-06-26T14:59:17.928098,0,Door,74.07,7,20,519,716,-1.2642,0.0550,3.6120,True,-0.6557,-6.1577,1.0806,0.984614,-2.119756,0.000000,-0.000000,-0.000000,0.422912,0.906171,0.633028,-2.563623,1.344544,0.233955,0.685613,-0.646972,-0.237966
2026-06-26T14:59:17.934765,1,Door,72.12,832,52,1210,700,1.8935,0.1135,4.9380,True,-3.9435,-5.1979,1.0310,0.984614,-2.119756,0.000000,-0.000000,-0.000000,0.422912,0.906171,0.633028,-2.563623,1.344544,0.233955,0.685613,-0.646972,-0.237966
2026-06-26T14:59:18.032022,0,Door,73.58,833,51,1210,701,1.9769,0.1183,5.1490,True,-4.1409,-5.3089,1.0176,0.984614,-2.119756,0.000000,-0.000000,-0.000000,0.422912,0.906171,0.633028,-2.563623,1.344544,0.233955,0.685613,-0.646972,-0.237966
2026-06-26T14:59:18.039178,1,Door,63.62,7,22,519,717,-1.2831,0.0612,3.6660,True,-0.6749,-6.2111,1.0714,0.984614,-2.119756,0.000000,-0.000000,-0.000000,0.422912,0.906171,0.633028,-2.563623,1.344544,0.233955,0.685613,-0.646972,-0.237966
2026-06-26T14:59:18.126742,0,Door,71.88,834,53,1210,700,2.0225,0.1234,5.2610,True,-4.2467,-5.3669,1.0080,0.984614,-2.119756,0.000000,-0.000000,-0.000000,0.422912,0.906171,0.633028,-2.563623,1.344544,0.233955,0.685613,-0.646972,-0.237966
2026-06-26T14:59:18.133647,1,Door,68.16,7,20,518,717,-1.1306,0.0507,3.2260,True,-0.5168,-5.7745,1.1072,0.984614,-2.119756,0.000000,-0.000000,-0.000000,0.422912,0.906171,0.633028,-2.563623,1.344544,0.233955,0.685613,-0.646972,-0.237966
2026-06-26T14:59:18.231789,0,Door,73.49,833,52,1210,700,2.0199,0.1209,5.2610,True,-4.2448,-5.3687,1.0105,0.984614,-2.119756,0.000000,-0.000000,-0.000000,0.422912,0.906171,0.633028,-2.563623,1.344544,0.233955,0.685613,-0.646972,-0.237966
2026-06-26T14:59:18.238652,1,Door,67.38,6,21,519,717,-1.2659,0.0585,3.6120,True,-0.6543,-6.1586,1.0771,0.984614,-2.119756,0.000000,-0.000000,-0.000000,0.422912,0.906171,0.633028,-2.563623,1.344544,0.233955,0.685613,-0.646972,-0.237966
2026-06-26T14:59:18.322660,0,Door,74.76,831,53,1211,700,1.9330,0.1183,5.0410,True,-4.0389,-5.2528,1.0220,0.984614,-2.119756,0.000000,-0.000000,-0.000000,0.422912,0.906171,0.633028,-2.563623,1.344544,0.233955,0.685613,-0.646972,-0.237966
2026-06-26T14:59:18.331977,1,Door,64.79,9,21,520,717,-1.2589,0.0585,3.6120,True,-0.6597,-6.1542,1.0773,0.984614,-2.119756,0.000000,-0.000000,-0.000000,0.422912,0.906171,0.633028,-2.563623,1.344544,0.233955,0.685613,-0.646972,-0.237966
2026-06-26T14:59:18.462546,0,Door,72.27,833,54,1210,700,1.9769,0.1233,5.1490,True,-4.1409,-5.3087,1.0126,0.984614,-2.119756,0.000000,-0.000000,-0.000000,0.422912,0.906171,0.633028,-2.563623,1.344544,0.233955,0.685613,-0.646972,-0.237966
2026-06-26T14:59:18.469293,1,Door,60.69,8,21,519,717,-1.1128,0.0516,3.1840,True,-0.5042,-5.7307,1.1089,0.984614,-2.119756,0.000000,-0.000000,-0.000000,0.422912,0.906171,0.633028,-2.563623,1.344544,0.233955,0.685613,-0.646972,-0.237966
2026-06-26T14:59:18.586243,0,Door,73.78,833,52,1210,699,1.9355,0.1134,5.0410,True,-4.0408,-5.2515,1.0269,0.984614,-2.119756,0.000000,-0.000000,-0.000000,0.422912,0.906171,0.633028,-2.563623,1.344544,0.233955,0.685613,-0.646972,-0.237966
2026-06-26T14:59:18.593286,1,Door,69.53,8,22,520,717,-1.2240,0.0585,3.5070,True,-0.6208,-6.0508,1.0833,0.984614,-2.119756,0.000000,-0.000000,-0.000000,0.422912,0.906171,0.633028,-2.563623,1.344544,0.233955,0.685613,-0.646972,-0.237966
2026-06-26T14:59:18.698451,0,Door,73.88,834,53,1210,699,1.8983,0.1135,4.9380,True,-3.9472,-5.1949,1.0311,0.984614,-2.119756,0.000000,-0.000000,-0.000000,0.422912,0.906171,0.633028,-2.563623,1.344544,0.233955,0.685613,-0.646972,-0.237966
2026-06-26T14:59:18.705967,1,Door,66.36,7,21,519,717,-1.2456,0.0577,3.5590,True,-0.6368,-6.1048,1.0811,0.984614,-2.119756,0.000000,-0.000000,-0.000000,0.422912,0.906171,0.633028,-2.563623,1.344544,0.233955,0.685613,-0.646972,-0.237966
2026-06-26T14:59:18.783728,0,Door,75.20,833,55,1209,700,1.9745,0.1258,5.1490,True,-4.1389,-5.3101,1.0101,0.984614,-2.119756,0.000000,-0.000000,-0.000000,0.422912,0.906171,0.633028,-2.563623,1.344544,0.233955,0.685613,-0.646972,-0.237966
2026-06-26T14:59:18.791226,1,Door,70.80,6,19,519,717,-1.1618,0.0505,3.3150,True,-0.5485,-5.8632,1.1023,0.984614,-2.119756,0.000000,-0.000000,-0.000000,0.422912,0.906171,0.633028,-2.563623,1.344544,0.233955,0.685613,-0.646972,-0.237966
2026-06-26T14:59:18.917917,0,Door,74.56,832,52,1212,700,2.0225,0.1209,5.2610,True,-4.2468,-5.3671,1.0106,0.984614,-2.119756,0.000000,-0.000000,-0.000000,0.422912,0.906171,0.633028,-2.563623,1.344544,0.233955,0.685613,-0.646972,-0.237966
2026-06-26T14:59:18.925346,1,Door,67.82,7,20,520,717,-1.1429,0.0514,3.2700,True,-0.5349,-5.8163,1.1041,0.984614,-2.119756,0.000000,-0.000000,-0.000000,0.422912,0.906171,0.633028,-2.563623,1.344544,0.233955,0.685613,-0.646972,-0.237966
2026-06-26T14:59:19.008772,0,Door,72.51,834,53,1210,700,1.8983,0.1159,4.9380,True,-3.9471,-5.1948,1.0287,0.984614,-2.119756,0.000000,-0.000000,-0.000000,0.422912,0.906171,0.633028,-2.563623,1.344544,0.233955,0.685613,-0.646972,-0.237966
2026-06-26T14:59:19.015359,1,Door,71.29,7,21,519,717,-1.2456,0.0577,3.5590,True,-0.6368,-6.1048,1.0811,0.984614,-2.119756,0.000000,-0.000000,-0.000000,0.422912,0.906171,0.633028,-2.563623,1.344544,0.233955,0.685613,-0.646972,-0.237966
2026-06-26T14:59:19.100178,0,Door,74.41,834,54,1210,700,1.9794,0.1233,5.1490,True,-4.1428,-5.3071,1.0127,0.984614,-2.119756,0.000000,-0.000000,-0.000000,0.422912,0.906171,0.633028,-2.563623,1.344544,0.233955,0.685613,-0.646972,-0.237966
2026-06-26T14:59:19.106535,1,Door,73.58,6,20,519,717,-1.1780,0.0528,3.3610,True,-0.5649,-5.9089,1.0973,0.984614,-2.119756,0.000000,-0.000000,-0.000000,0.422912,0.906171,0.633028,-2.563623,1.344544,0.233955,0.685613,-0.646972,-0.237966
2026-06-26T14:59:19.200573,0,Door,76.61,832,54,1210,699,2.0174,0.1234,5.2610,True,-4.2428,-5.3701,1.0079,0.984614,-2.119756,0.000000,-0.000000,-0.000000,0.422912,0.906171,0.633028,-2.563623,1.344544,0.233955,0.685613,-0.646972,-0.237966
2026-06-26T14:59:19.283641,0,Door,75.15,833,54,1209,700,2.0174,0.1260,5.2610,True,-4.2427,-5.3700,1.0054,0.984614,-2.119756,0.000000,-0.000000,-0.000000,0.422912,0.906171,0.633028,-2.563623,1.344544,0.233955,0.685613,-0.646972,-0.237966
2026-06-26T14:59:19.290630,1,Door,70.31,8,22,519,717,-1.2624,0.0603,3.6120,True,-0.6570,-6.1563,1.0754,0.984614,-2.119756,0.000000,-0.000000,-0.000000,0.422912,0.906171,0.633028,-2.563623,1.344544,0.233955,0.685613,-0.646972,-0.237966
2026-06-26T14:59:19.397604,0,Door,72.27,834,52,1210,700,1.9379,0.1158,5.0410,True,-4.0427,-5.2498,1.0245,0.984614,-2.119756,0.000000,-0.000000,-0.000000,0.422912,0.906171,0.633028,-2.563623,1.344544,0.233955,0.685613,-0.646972,-0.237966
2026-06-26T14:59:19.403858,1,Door,69.43,8,21,518,717,-1.1291,0.0523,3.2260,True,-0.5179,-5.7734,1.1057,0.984614,-2.119756,0.000000,-0.000000,-0.000000,0.422912,0.906171,0.633028,-2.563623,1.344544,0.233955,0.685613,-0.646972,-0.237966
2026-06-26T14:59:19.486956,0,Door,70.17,833,53,1209,700,2.0174,0.1234,5.2610,True,-4.2428,-5.3701,1.0079,0.984614,-2.119756,0.000000,-0.000000,-0.000000,0.422912,0.906171,0.633028,-2.563623,1.344544,0.233955,0.685613,-0.646972,-0.237966
2026-06-26T14:59:19.493741,1,Door,69.53,7,20,519,717,-1.3233,0.0594,3.7810,True,-0.7160,-6.3257,1.0664,0.984614,-2.119756,0.000000,-0.000000,-0.000000,0.422912,0.906171,0.633028,-2.563623,1.344544,0.233955,0.685613,-0.646972,-0.237966
2026-06-26T14:59:19.611536,0,Door,76.56,835,54,1209,700,1.9794,0.1233,5.1490,True,-4.1428,-5.3071,1.0127,0.984614,-2.119756,0.000000,-0.000000,-0.000000,0.422912,0.906171,0.633028,-2.563623,1.344544,0.233955,0.685613,-0.646972,-0.237966
2026-06-26T14:59:19.618392,1,Door,68.02,7,20,519,717,-1.1144,0.0501,3.1840,True,-0.5030,-5.7317,1.1104,0.984614,-2.119756,0.000000,-0.000000,-0.000000,0.422912,0.906171,0.633028,-2.563623,1.344544,0.233955,0.685613,-0.646972,-0.237966
2026-06-26T14:59:19.691953,0,Door,76.42,833,55,1210,699,2.0645,0.1288,5.3770,True,-4.3523,-5.4302,0.9980,0.984614,-2.119756,0.000000,-0.000000,-0.000000,0.422912,0.906171,0.633028,-2.563623,1.344544,0.233955,0.685613,-0.646972,-0.237966
2026-06-26T14:59:19.724252,1,Door,66.65,7,20,519,717,-1.2642,0.0568,3.6120,True,-0.6557,-6.1576,1.0789,0.984614,-2.119756,0.000000,-0.000000,-0.000000,0.422912,0.906171,0.633028,-2.563623,1.344544,0.233955,0.685613,-0.646972,-0.237966
2026-06-26T14:59:19.821934,0,Door,71.68,834,52,1210,700,1.9794,0.1183,5.1490,True,-4.1429,-5.3074,1.0177,0.984614,-2.119756,0.000000,-0.000000,-0.000000,0.422912,0.906171,0.633028,-2.563623,1.344544,0.233955,0.685613,-0.646972,-0.237966
2026-06-26T14:59:19.829219,1,Door,62.60,9,22,520,717,-1.2589,0.0603,3.6120,True,-0.6597,-6.1541,1.0755,0.984614,-2.119756,0.000000,-0.000000,-0.000000,0.422912,0.906171,0.633028,-2.563623,1.344544,0.233955,0.685613,-0.646972,-0.237966
2026-06-26T14:59:19.910560,0,Door,74.85,833,54,1209,699,1.8935,0.1159,4.9380,True,-3.9434,-5.1978,1.0286,0.984614,-2.119756,0.000000,-0.000000,-0.000000,0.422912,0.906171,0.633028,-2.563623,1.344544,0.233955,0.685613,-0.646972,-0.237966
2026-06-26T14:59:19.917320,1,Door,65.67,7,21,520,717,-1.1586,0.0537,3.3150,True,-0.5509,-5.8610,1.0992,0.984614,-2.119756,0.000000,-0.000000,-0.000000,0.422912,0.906171,0.633028,-2.563623,1.344544,0.233955,0.685613,-0.646972,-0.237966
2026-06-26T14:59:20.054334,0,Door,77.39,833,53,1210,700,2.0199,0.1234,5.2610,True,-4.2448,-5.3685,1.0080,0.984614,-2.119756,0.000000,-0.000000,-0.000000,0.422912,0.906171,0.633028,-2.563623,1.344544,0.233955,0.685613,-0.646972,-0.237966
2026-06-26T14:59:20.060993,1,Door,69.78,8,21,520,717,-1.2607,0.0585,3.6120,True,-0.6584,-6.1553,1.0772,0.984614,-2.119756,0.000000,-0.000000,-0.000000,0.422912,0.906171,0.633028,-2.563623,1.344544,0.233955,0.685613,-0.646972,-0.237966
2026-06-26T14:59:20.152401,0,Door,72.02,8,20,518,717,-1.2642,0.0568,3.6120,True,-0.6557,-6.1576,1.0789,0.984614,-2.119756,0.000000,-0.000000,-0.000000,0.422912,0.906171,0.633028,-2.563623,1.344544,0.233955,0.685613,-0.646972,-0.237966
2026-06-26T14:59:20.158106,1,Door,71.24,834,52,1209,700,1.9769,0.1183,5.1490,True,-4.1409,-5.3089,1.0176,0.984614,-2.119756,0.000000,-0.000000,-0.000000,0.422912,0.906171,0.633028,-2.563623,1.344544,0.233955,0.685613,-0.646972,-0.237966
2026-06-26T14:59:20.249992,0,Door,74.41,833,54,1210,700,1.9355,0.1207,5.0410,True,-4.0408,-5.2511,1.0196,0.984614,-2.119756,0.000000,-0.000000,-0.000000,0.422912,0.906171,0.633028,-2.563623,1.344544,0.233955,0.685613,-0.646972,-0.237966
2026-06-26T14:59:20.274521,1,Door,73.73,7,21,519,716,-1.1763,0.0528,3.3610,True,-0.5661,-5.9078,1.0973,0.984614,-2.119756,0.000000,-0.000000,-0.000000,0.422912,0.906171,0.633028,-2.563623,1.344544,0.233955,0.685613,-0.646972,-0.237966
2026-06-26T14:59:20.400453,0,Door,75.49,834,53,1210,699,1.8983,0.1135,4.9380,True,-3.9472,-5.1949,1.0311,0.984614,-2.119756,0.000000,-0.000000,-0.000000,0.422912,0.906171,0.633028,-2.563623,1.344544,0.233955,0.685613,-0.646972,-0.237966
2026-06-26T14:59:20.420075,1,Door,67.38,7,21,519,716,-1.2456,0.0560,3.5590,True,-0.6368,-6.1048,1.0828,0.984614,-2.119756,0.000000,-0.000000,-0.000000,0.422912,0.906171,0.633028,-2.563623,1.344544,0.233955,0.685613,-0.646972,-0.237966
2026-06-26T14:59:20.584163,0,Door,70.80,834,53,1210,700,1.8983,0.1159,4.9380,True,-3.9471,-5.1948,1.0287,0.984614,-2.119756,0.000000,-0.000000,-0.000000,0.422912,0.906171,0.633028,-2.563623,1.344544,0.233955,0.685613,-0.646972,-0.237966
2026-06-26T14:59:20.592238,1,Door,62.99,7,20,519,717,-1.1602,0.0521,3.3150,True,-0.5497,-5.8621,1.1007,0.984614,-2.119756,0.000000,-0.000000,-0.000000,0.422912,0.906171,0.633028,-2.563623,1.344544,0.233955,0.685613,-0.646972,-0.237966
2026-06-26T14:59:20.689620,0,Door,73.19,834,53,1210,700,1.9379,0.1183,5.0410,True,-4.0427,-5.2497,1.0221,0.984614,-2.119756,0.000000,-0.000000,-0.000000,0.422912,0.906171,0.633028,-2.563623,1.344544,0.233955,0.685613,-0.646972,-0.237966
2026-06-26T14:59:20.696211,1,Door,62.60,8,21,519,716,-1.0985,0.0494,3.1430,True,-0.4895,-5.6900,1.1134,0.984614,-2.119756,0.000000,-0.000000,-0.000000,0.422912,0.906171,0.633028,-2.563623,1.344544,0.233955,0.685613,-0.646972,-0.237966
2026-06-26T14:59:20.788895,0,Door,75.44,833,53,1211,700,1.8606,0.1136,4.8400,True,-3.8562,-5.1426,1.0350,0.984614,-2.119756,0.000000,-0.000000,-0.000000,0.422912,0.906171,0.633028,-2.563623,1.344544,0.233955,0.685613,-0.646972,-0.237966
2026-06-26T14:59:20.797265,1,Door,64.50,7,20,519,717,-1.1763,0.0528,3.3610,True,-0.5661,-5.9078,1.0973,0.984614,-2.119756,0.000000,-0.000000,-0.000000,0.422912,0.906171,0.633028,-2.563623,1.344544,0.233955,0.685613,-0.646972,-0.237966
2026-06-26T14:59:20.892101,0,Door,75.20,833,53,1210,700,1.9355,0.1183,5.0410,True,-4.0408,-5.2512,1.0220,0.984614,-2.119756,0.000000,-0.000000,-0.000000,0.422912,0.906171,0.633028,-2.563623,1.344544,0.233955,0.685613,-0.646972,-0.237966
2026-06-26T14:59:20.900107,1,Door,67.24,8,22,519,717,-1.1747,0.0561,3.3610,True,-0.5674,-5.9066,1.0941,0.984614,-2.119756,0.000000,-0.000000,-0.000000,0.422912,0.906171,0.633028,-2.563623,1.344544,0.233955,0.685613,-0.646972,-0.237966
2026-06-26T14:59:21.003152,0,Door,73.73,833,53,1210,700,1.8959,0.1159,4.9380,True,-3.9453,-5.1963,1.0286,0.984614,-2.119756,0.000000,-0.000000,-0.000000,0.422912,0.906171,0.633028,-2.563623,1.344544,0.233955,0.685613,-0.646972,-0.237966
2026-06-26T14:59:21.009806,1,Door,69.29,6,21,520,716,-1.1445,0.0514,3.2700,True,-0.5337,-5.8173,1.1040,0.984614,-2.119756,0.000000,-0.000000,-0.000000,0.422912,0.906171,0.633028,-2.563623,1.344544,0.233955,0.685613,-0.646972,-0.237966
2026-06-26T14:59:21.083872,0,Door,75.68,833,54,1209,699,1.8935,0.1159,4.9380,True,-3.9434,-5.1978,1.0286,0.984614,-2.119756,0.000000,-0.000000,-0.000000,0.422912,0.906171,0.633028,-2.563623,1.344544,0.233955,0.685613,-0.646972,-0.237966
2026-06-26T14:59:21.090339,1,Door,65.77,7,22,519,717,-1.2274,0.0585,3.5070,True,-0.6182,-6.0529,1.0832,0.984614,-2.119756,0.000000,-0.000000,-0.000000,0.422912,0.906171,0.633028,-2.563623,1.344544,0.233955,0.685613,-0.646972,-0.237966
2026-06-26T14:59:21.226172,0,Door,70.80,833,52,1209,700,1.8935,0.1135,4.9380,True,-3.9435,-5.1979,1.0310,0.984614,-2.119756,0.000000,-0.000000,-0.000000,0.422912,0.906171,0.633028,-2.563623,1.344544,0.233955,0.685613,-0.646972,-0.237966
2026-06-26T14:59:21.233763,1,Door,62.26,8,21,520,717,-1.1113,0.0516,3.1840,True,-0.5054,-5.7297,1.1089,0.984614,-2.119756,0.000000,-0.000000,-0.000000,0.422912,0.906171,0.633028,-2.563623,1.344544,0.233955,0.685613,-0.646972,-0.237966
2026-06-26T14:59:21.360567,0,Door,73.05,833,54,1209,700,1.9330,0.1207,5.0410,True,-4.0389,-5.2526,1.0196,0.984614,-2.119756,0.000000,-0.000000,-0.000000,0.422912,0.906171,0.633028,-2.563623,1.344544,0.233955,0.685613,-0.646972,-0.237966
2026-06-26T14:59:21.370097,1,Door,67.82,7,21,519,717,-1.2831,0.0594,3.6660,True,-0.6749,-6.2112,1.0731,0.984614,-2.119756,0.000000,-0.000000,-0.000000,0.422912,0.906171,0.633028,-2.563623,1.344544,0.233955,0.685613,-0.646972,-0.237966
2026-06-26T14:59:21.469805,0,Door,74.02,834,54,1210,700,1.9794,0.1233,5.1490,True,-4.1428,-5.3071,1.0127,0.984614,-2.119756,0.000000,-0.000000,-0.000000,0.422912,0.906171,0.633028,-2.563623,1.344544,0.233955,0.685613,-0.646972,-0.237966
2026-06-26T14:59:21.476830,1,Door,71.88,7,21,519,717,-1.2642,0.0585,3.6120,True,-0.6557,-6.1575,1.0771,0.984614,-2.119756,0.000000,-0.000000,-0.000000,0.422912,0.906171,0.633028,-2.563623,1.344544,0.233955,0.685613,-0.646972,-0.237966
2026-06-26T14:59:21.557636,0,Door,73.39,834,51,1213,699,1.8677,0.1065,4.8400,True,-3.8618,-5.1386,1.0421,0.984614,-2.119756,0.000000,-0.000000,-0.000000,0.422912,0.906171,0.633028,-2.563623,1.344544,0.233955,0.685613,-0.646972,-0.237966
2026-06-26T14:59:21.564641,1,Door,67.24,7,21,520,717,-1.2439,0.0577,3.5590,True,-0.6381,-6.1037,1.0811,0.984614,-2.119756,0.000000,-0.000000,-0.000000,0.422912,0.906171,0.633028,-2.563623,1.344544,0.233955,0.685613,-0.646972,-0.237966
2026-06-26T14:59:21.651463,0,Door,73.05,833,52,1210,699,1.8583,0.1089,4.8400,True,-3.8545,-5.1443,1.0396,0.984614,-2.119756,0.000000,-0.000000,-0.000000,0.422912,0.906171,0.633028,-2.563623,1.344544,0.233955,0.685613,-0.646972,-0.237966
2026-06-26T14:59:21.659041,1,Door,66.99,7,21,519,717,-1.2274,0.0568,3.5070,True,-0.6182,-6.0530,1.0849,0.984614,-2.119756,0.000000,-0.000000,-0.000000,0.422912,0.906171,0.633028,-2.563623,1.344544,0.233955,0.685613,-0.646972,-0.237966
2026-06-26T14:59:21.752418,0,Door,76.07,833,54,1211,699,1.8983,0.1159,4.9380,True,-3.9471,-5.1948,1.0287,0.984614,-2.119756,0.000000,-0.000000,-0.000000,0.422912,0.906171,0.633028,-2.563623,1.344544,0.233955,0.685613,-0.646972,-0.237966
2026-06-26T14:59:21.762024,1,Door,70.65,7,20,519,717,-1.9250,0.0865,5.5000,True,-1.3293,-8.0362,0.9400,0.984614,-2.119756,0.000000,-0.000000,-0.000000,0.422912,0.906171,0.633028,-2.563623,1.344544,0.233955,0.685613,-0.646972,-0.237966
2026-06-26T14:59:21.856180,0,Door,74.07,835,53,1210,700,1.9007,0.1159,4.9380,True,-3.9490,-5.1933,1.0287,0.984614,-2.119756,0.000000,-0.000000,-0.000000,0.422912,0.906171,0.633028,-2.563623,1.344544,0.233955,0.685613,-0.646972,-0.237966
2026-06-26T14:59:21.942125,0,Door,74.76,832,54,1210,700,1.8935,0.1183,4.9380,True,-3.9434,-5.1977,1.0262,0.984614,-2.119756,0.000000,-0.000000,-0.000000,0.422912,0.906171,0.633028,-2.563623,1.344544,0.233955,0.685613,-0.646972,-0.237966
2026-06-26T14:59:21.951556,1,Door,72.17,7,21,519,716,-1.2274,0.0551,3.5070,True,-0.6182,-6.0531,1.0866,0.984614,-2.119756,0.000000,-0.000000,-0.000000,0.422912,0.906171,0.633028,-2.563623,1.344544,0.233955,0.685613,-0.646972,-0.237966
2026-06-26T14:59:22.043838,0,Door,70.17,834,52,1210,700,1.8983,0.1135,4.9380,True,-3.9472,-5.1949,1.0311,0.984614,-2.119756,0.000000,-0.000000,-0.000000,0.422912,0.906171,0.633028,-2.563623,1.344544,0.233955,0.685613,-0.646972,-0.237966
2026-06-26T14:59:22.050893,1,Door,64.06,8,21,518,716,-1.2456,0.0560,3.5590,True,-0.6368,-6.1048,1.0828,0.984614,-2.119756,0.000000,-0.000000,-0.000000,0.422912,0.906171,0.633028,-2.563623,1.344544,0.233955,0.685613,-0.646972,-0.237966
2026-06-26T14:59:22.149503,0,Door,74.61,833,55,1209,700,1.9745,0.1258,5.1490,True,-4.1389,-5.3101,1.0101,0.984614,-2.119756,0.000000,-0.000000,-0.000000,0.422912,0.906171,0.633028,-2.563623,1.344544,0.233955,0.685613,-0.646972,-0.237966
2026-06-26T14:59:22.156743,1,Door,70.56,7,20,520,717,-1.9223,0.0865,5.5000,True,-1.3314,-8.0345,0.9401,0.984614,-2.119756,0.000000,-0.000000,-0.000000,0.422912,0.906171,0.633028,-2.563623,1.344544,0.233955,0.685613,-0.646972,-0.237966
2026-06-26T14:59:22.241900,0,Door,73.63,833,52,1211,700,1.8983,0.1135,4.9380,True,-3.9472,-5.1949,1.0311,0.984614,-2.119756,0.000000,-0.000000,-0.000000,0.422912,0.906171,0.633028,-2.563623,1.344544,0.233955,0.685613,-0.646972,-0.237966
2026-06-26T14:59:22.248415,1,Door,60.50,8,22,519,716,-1.2624,0.0585,3.6120,True,-0.6570,-6.1564,1.0772,0.984614,-2.119756,0.000000,-0.000000,-0.000000,0.422912,0.906171,0.633028,-2.563623,1.344544,0.233955,0.685613,-0.646972,-0.237966
2026-06-26T14:59:22.358782,0,Door,74.76,6,19,519,716,-1.1780,0.0496,3.3610,True,-0.5649,-5.9090,1.1005,0.984614,-2.119756,0.000000,-0.000000,-0.000000,0.422912,0.906171,0.633028,-2.563623,1.344544,0.233955,0.685613,-0.646972,-0.237966
2026-06-26T14:59:22.363996,1,Door,71.68,833,53,1210,700,1.8959,0.1159,4.9380,True,-3.9453,-5.1963,1.0286,0.984614,-2.119756,0.000000,-0.000000,-0.000000,0.422912,0.906171,0.633028,-2.563623,1.344544,0.233955,0.685613,-0.646972,-0.237966
2026-06-26T14:59:22.448628,0,Door,73.58,834,52,1210,701,1.8606,0.1136,4.8400,True,-3.8562,-5.1426,1.0350,0.984614,-2.119756,0.000000,-0.000000,-0.000000,0.422912,0.906171,0.633028,-2.563623,1.344544,0.233955,0.685613,-0.646972,-0.237966
2026-06-26T14:59:22.456024,1,Door,68.41,7,20,520,717,-1.2813,0.0576,3.6660,True,-0.6763,-6.2102,1.0749,0.984614,-2.119756,0.000000,-0.000000,-0.000000,0.422912,0.906171,0.633028,-2.563623,1.344544,0.233955,0.685613,-0.646972,-0.237966
2026-06-26T14:59:22.554571,0,Door,77.88,833,54,1210,699,1.9355,0.1183,5.0410,True,-4.0408,-5.2512,1.0220,0.984614,-2.119756,0.000000,-0.000000,-0.000000,0.422912,0.906171,0.633028,-2.563623,1.344544,0.233955,0.685613,-0.646972,-0.237966
2026-06-26T14:59:22.560694,1,Door,69.53,8,21,520,717,-1.2607,0.0585,3.6120,True,-0.6584,-6.1553,1.0772,0.984614,-2.119756,0.000000,-0.000000,-0.000000,0.422912,0.906171,0.633028,-2.563623,1.344544,0.233955,0.685613,-0.646972,-0.237966
2026-06-26T14:59:22.640701,0,Door,75.44,834,55,1210,700,1.8983,0.1206,4.9380,True,-3.9471,-5.1946,1.0239,0.984614,-2.119756,0.000000,-0.000000,-0.000000,0.422912,0.906171,0.633028,-2.563623,1.344544,0.233955,0.685613,-0.646972,-0.237966
2026-06-26T14:59:22.648127,1,Door,70.75,8,21,519,717,-1.1911,0.0552,3.4080,True,-0.5842,-5.9535,1.0923,0.984614,-2.119756,0.000000,-0.000000,-0.000000,0.422912,0.906171,0.633028,-2.563623,1.344544,0.233955,0.685613,-0.646972,-0.237966
2026-06-26T14:59:22.754488,0,Door,73.88,833,53,1210,700,1.9355,0.1183,5.0410,True,-4.0408,-5.2512,1.0220,0.984614,-2.119756,0.000000,-0.000000,-0.000000,0.422912,0.906171,0.633028,-2.563623,1.344544,0.233955,0.685613,-0.646972,-0.237966
2026-06-26T14:59:22.761411,1,Door,69.82,8,20,519,717,-1.0842,0.0488,3.1020,True,-0.4749,-5.6492,1.1164,0.984614,-2.119756,0.000000,-0.000000,-0.000000,0.422912,0.906171,0.633028,-2.563623,1.344544,0.233955,0.685613,-0.646972,-0.237966
2026-06-26T14:59:22.850573,0,Door,76.07,833,55,1209,700,1.9745,0.1258,5.1490,True,-4.1389,-5.3101,1.0101,0.984614,-2.119756,0.000000,-0.000000,-0.000000,0.422912,0.906171,0.633028,-2.563623,1.344544,0.233955,0.685613,-0.646972,-0.237966
2026-06-26T14:59:22.857741,1,Door,64.06,9,21,520,717,-1.2589,0.0585,3.6120,True,-0.6597,-6.1542,1.0773,0.984614,-2.119756,0.000000,-0.000000,-0.000000,0.422912,0.906171,0.633028,-2.563623,1.344544,0.233955,0.685613,-0.646972,-0.237966
2026-06-26T14:59:22.946456,0,Door,76.46,834,55,1209,699,1.8959,0.1183,4.9380,True,-3.9453,-5.1962,1.0263,0.984614,-2.119756,0.000000,-0.000000,-0.000000,0.422912,0.906171,0.633028,-2.563623,1.344544,0.233955,0.685613,-0.646972,-0.237966
2026-06-26T14:59:23.055523,0,Door,73.24,834,53,1210,700,1.9379,0.1183,5.0410,True,-4.0427,-5.2497,1.0221,0.984614,-2.119756,0.000000,-0.000000,-0.000000,0.422912,0.906171,0.633028,-2.563623,1.344544,0.233955,0.685613,-0.646972,-0.237966
2026-06-26T14:59:23.062031,1,Door,65.33,7,20,519,717,-1.2642,0.0568,3.6120,True,-0.6557,-6.1576,1.0789,0.984614,-2.119756,0.000000,-0.000000,-0.000000,0.422912,0.906171,0.633028,-2.563623,1.344544,0.233955,0.685613,-0.646972,-0.237966
2026-06-26T14:59:23.176887,0,Door,73.63,835,55,1209,700,1.8983,0.1206,4.9380,True,-3.9471,-5.1946,1.0239,0.984614,-2.119756,0.000000,-0.000000,-0.000000,0.422912,0.906171,0.633028,-2.563623,1.344544,0.233955,0.685613,-0.646972,-0.237966
2026-06-26T14:59:23.296855,0,Door,75.49,834,53,1211,700,1.9007,0.1159,4.9380,True,-3.9490,-5.1933,1.0287,0.984614,-2.119756,0.000000,-0.000000,-0.000000,0.422912,0.906171,0.633028,-2.563623,1.344544,0.233955,0.685613,-0.646972,-0.237966
2026-06-26T14:59:23.395108,0,Door,72.41,834,52,1209,700,1.8583,0.1112,4.8400,True,-3.8545,-5.1442,1.0372,0.984614,-2.119756,0.000000,-0.000000,-0.000000,0.422912,0.906171,0.633028,-2.563623,1.344544,0.233955,0.685613,-0.646972,-0.237966
2026-06-26T14:59:23.402103,1,Door,65.58,9,21,519,717,-1.2607,0.0585,3.6120,True,-0.6584,-6.1553,1.0772,0.984614,-2.119756,0.000000,-0.000000,-0.000000,0.422912,0.906171,0.633028,-2.563623,1.344544,0.233955,0.685613,-0.646972,-0.237966
2026-06-26T14:59:23.481531,0,Door,75.05,833,52,1211,700,1.9379,0.1158,5.0410,True,-4.0427,-5.2498,1.0245,0.984614,-2.119756,0.000000,-0.000000,-0.000000,0.422912,0.906171,0.633028,-2.563623,1.344544,0.233955,0.685613,-0.646972,-0.237966
2026-06-26T14:59:23.561147,0,Door,69.19,834,52,1210,700,1.9794,0.1183,5.1490,True,-4.1429,-5.3074,1.0177,0.984614,-2.119756,0.000000,-0.000000,-0.000000,0.422912,0.906171,0.633028,-2.563623,1.344544,0.233955,0.685613,-0.646972,-0.237966
2026-06-26T14:59:23.645408,0,Door,74.07,835,54,1211,700,1.9428,0.1207,5.0410,True,-4.0464,-5.2465,1.0198,0.984614,-2.119756,0.000000,-0.000000,-0.000000,0.422912,0.906171,0.633028,-2.563623,1.344544,0.233955,0.685613,-0.646972,-0.237966
2026-06-26T14:59:23.728473,0,Door,66.89,834,52,1209,700,2.0199,0.1209,5.2610,True,-4.2448,-5.3687,1.0105,0.984614,-2.119756,0.000000,-0.000000,-0.000000,0.422912,0.906171,0.633028,-2.563623,1.344544,0.233955,0.685613,-0.646972,-0.237966
2026-06-26T14:59:23.854670,0,Door,73.34,835,53,1210,700,1.9007,0.1159,4.9380,True,-3.9490,-5.1933,1.0287,0.984614,-2.119756,0.000000,-0.000000,-0.000000,0.422912,0.906171,0.633028,-2.563623,1.344544,0.233955,0.685613,-0.646972,-0.237966
2026-06-26T14:59:23.935005,0,Door,71.29,833,53,1211,700,1.9794,0.1208,5.1490,True,-4.1429,-5.3072,1.0152,0.984614,-2.119756,0.000000,-0.000000,-0.000000,0.422912,0.906171,0.633028,-2.563623,1.344544,0.233955,0.685613,-0.646972,-0.237966
2026-06-26T14:59:24.017723,0,Door,71.29,834,54,1210,700,2.0225,0.1260,5.2610,True,-4.2467,-5.3668,1.0055,0.984614,-2.119756,0.000000,-0.000000,-0.000000,0.422912,0.906171,0.633028,-2.563623,1.344544,0.233955,0.685613,-0.646972,-0.237966
2026-06-26T14:59:24.094430,0,Door,69.29,834,53,1211,699,1.9007,0.1135,4.9380,True,-3.9490,-5.1934,1.0311,0.984614,-2.119756,0.000000,-0.000000,-0.000000,0.422912,0.906171,0.633028,-2.563623,1.344544,0.233955,0.685613,-0.646972,-0.237966
2026-06-26T14:59:24.190965,0,Door,69.53,833,54,1210,699,2.0199,0.1234,5.2610,True,-4.2448,-5.3685,1.0080,0.984614,-2.119756,0.000000,-0.000000,-0.000000,0.422912,0.906171,0.633028,-2.563623,1.344544,0.233955,0.685613,-0.646972,-0.237966
2026-06-26T14:59:24.271366,0,Door,70.75,834,54,1209,699,1.9355,0.1183,5.0410,True,-4.0408,-5.2512,1.0220,0.984614,-2.119756,0.000000,-0.000000,-0.000000,0.422912,0.906171,0.633028,-2.563623,1.344544,0.233955,0.685613,-0.646972,-0.237966
2026-06-26T14:59:24.382348,0,Door,71.39,834,53,1210,700,1.8983,0.1159,4.9380,True,-3.9471,-5.1948,1.0287,0.984614,-2.119756,0.000000,-0.000000,-0.000000,0.422912,0.906171,0.633028,-2.563623,1.344544,0.233955,0.685613,-0.646972,-0.237966
